{"decoy":"7Z0X_mod_renum_AE_0001","complex_normalized":nan,"dG_cross":0.0,"dG_cross/dSASAx100":0.0,"dG_separated":0.0,"dG_separated/dSASAx100":0.0,"dSASA_hphobic":0.0,"dSASA_int":0.0,"dSASA_polar":0.0,"delta_unsatHbonds":0.0,"hbond_E_fraction":0.0,"hbonds_int":0.0,"nres_all":0.0,"nres_int":0.0,"packstat":0.0,"per_residue_energy_int":0.0,"sc_value":0.0,"side1_normalized":nan,"side1_score":0.0,"side2_normalized":nan,"side2_score":0.0,"total_score":0.0}
{"decoy":"6M0J_mod_renum_AE_0001","complex_normalized":-0.2782512605190277,"dG_cross":-29.64652824401855,"dG_cross/dSASAx100":-1.72100841999054,"dG_separated":-29.64652824401855,"dG_separated/dSASAx100":-1.72100841999054,"dSASA_hphobic":891.2371826171875,"dSASA_int":1722.625366210938,"dSASA_polar":831.3882446289062,"delta_unsatHbonds":11.0,"hbond_E_fraction":0.1724254488945007,"hbonds_int":6.0,"nres_all":791.0,"nres_int":73.0,"packstat":0.0,"per_residue_energy_int":0.1221074238419533,"sc_value":0.7091995477676392,"side1_normalized":0.086628757417202,"side1_score":3.37852144241333,"side2_normalized":0.1628035455942154,"side2_score":5.535320281982422,"total_score":0.0}
